{
    "avg_prec": 0.5155557721687646,
    "roc_auc": 0.9498634200473761
}