{
    "avg_prec": 0.5312683610175638,
    "roc_auc": 0.925075225677031
}